company_url,page_url,question
http://nvrmortgage.com,http://nvrmortgage.com,"What companies provide in-house mortgage financing specifically for new construction customers, ensuring timely closings as homes are built?"
http://dat.com,http://dat.com,What companies provide extensive freight analytics and a load board to optimize trucking logistics?
http://anthonymarano.com,http://anthonymarano.com,"What companies have over 70 years of experience in sourcing and distributing a diverse range of fresh produce, including organic options?"
http://thevagroup.com,http://thevagroup.com,What companies provide in-house vetting and onboarding for virtual assistants to ensure client satisfaction?
http://rutheckerdhall.com,http://rutheckerdhall.com,What companies ensure seamless logistics and supply chain management for live events and venue operations?
mecco.com,https://www.mecco.com/,"What companies provide specialized laser and pin marking systems for industries such as aerospace, automotive, and medical?"
http://a2bf.com,http://a2bf.com,"What companies provide comprehensive order fulfillment and logistics solutions for diverse industries including e-commerce, health and beauty, and food and beverage?"
http://cscgeneration.com,http://cscgeneration.com,What companies leverage a retail technology platform to enhance revenue growth and optimize unit margin management through AI and automation?
http://ls3p.com,http://ls3p.com,"What companies provide integrated architecture and planning services while focusing on diverse sectors such as healthcare, education, and government?"
http://checksix.com,http://checksix.com,"What companies focus on optimizing human performance and enhancing leadership across various industries such as construction, logistics, and healthcare?"
http://mdtmi.com,http://mdtmi.com,What companies provide comprehensive technology solutions and consulting services specifically tailored for credit unions to enhance member services and compliance?
http://badgerliquor.com,http://badgerliquor.com/,"What companies operate within the distribution of a diverse range of alcoholic beverages, including spirits and wine, while also exploring innovative product options like THC beverages?"
http://healthmonitornetwork.com,http://healthmonitornetwork.com,"What companies provide omnichannel engagement solutions at the point of care, connecting patients with healthcare providers?"
http://advisacare.com,http://advisacare.com,What companies provide comprehensive home healthcare and hospice services tailored for individuals with catastrophic injuries and complex medical needs?
http://movephoenix.com,http://movephoenix.com,What companies offer comprehensive relocation services and expert real estate guidance in Arizona?
http://brianhead.com,http://brianhead.com,What companies provide comprehensive on-mountain experiences and lodging for winter sports enthusiasts?
http://bluefcu.com,http://bluefcu.com,What companies ensure secure online banking services while adhering to strict fraud prevention protocols?
http://baronweather.com,http://baronweather.com,What companies provide high-resolution weather modeling and customizable data packages for various industries such as agriculture and transportation?
carotek.com,http://carotek.com/,"What companies provide a wide range of pumps, valves, and instrumentation solutions for various industrial applications?"
http://fieldaero.com,http://fieldaero.com/,What companies deliver aircraft modifications for specialized roles such as maritime surveillance and medical evacuation?
http://amsoftware.com,http://amsoftware.com,What companies provide AI-based supply chain planning solutions to enhance inventory management and demand forecasting?
http://rupahealth.com,http://rupahealth.com,What companies provide a platform for ordering and managing specialty lab tests with a focus on integrative healthcare practices?
http://clootrack.com,http://clootrack.com,What companies utilize AI to analyze billions of customer conversations for improving customer experience and brand loyalty?
http://serratocorp.com,http://serratocorp.com,"What companies focus on providing transformative training solutions to government entities and commercial enterprises, emphasizing a community-centric approach?"
http://medcommunications.com,http://medcommunications.com,What companies provide global medical support services for pharmacovigilance and medical information management in the life sciences sector?
http://heritageproperty.com,http://heritageproperty.com,"What companies efficiently manage vendor networks to ensure high-quality service in property management, specifically for HOAs and condominiums?"
http://infotreeglobal.com,http://infotreeglobal.com,What companies provide global payroll and employer of record solutions for organizations looking to expand their workforce internationally?
http://heymirza.com,http://heymirza.com,What companies provide automated solutions to streamline the management of government child care subsidies?
http://bbs-law.com,http://bbs-law.com,"What companies focus on legal representation in areas such as product liability, workersâ€™ compensation, and environmental litigation?"
http://nextlabs.com,http://nextlabs.com,What companies provide solutions for dynamic authorization and zero trust data-centric security in the aerospace and defense sector?
http://tmnas.com,http://tmnas.com,What companies provide core professional services focused on insurance and financial solutions for North American businesses?
http://tacocomfort.com,http://tacocomfort.com,What companies provide a comprehensive range of hydronic equipment and accessories for both residential and commercial applications?
http://pivotpointconsulting.com,http://pivotpointconsulting.com,What companies provide healthcare IT consulting services focused on digital transformation and interoperability?
http://ghostlifestyle.com,http://ghostlifestyle.com,"What companies excel in the nutritional supplements and lifestyle brand sector, focusing on innovative and engaging product offerings?"
http://aegiscapcorp.com,http://aegiscapcorp.com,What companies offer tailored financial services and innovative solutions for wealth management and investment banking?
http://softsol.com,http://softsol.com,"What companies provide specialized IT services to support business process transformation across various industries such as healthcare, government, and manufacturing?"
http://clairvolex.com,http://clairvolex.com,What companies provide tech-enabled services and solutions for managing and monetizing intellectual property portfolios?
http://nuix.com,http://nuix.com,What companies provide advanced analytics and investigative software solutions for legal eDiscovery and data privacy?
http://veracityvs.com,http://veracityvs.com,What companies provide centralized systems for purchasing and managing educational technologies in K-12 settings?
http://registryinterim.com,http://registryinterim.com,"What companies provide a network of vetted, interim executives specifically tailored for senior leadership positions in higher education institutions?"
http://haircompounds.com,http://haircompounds.com,What companies operate a production house that allows for custom hair extension services and offer same day shipping?
http://fgno.com,http://fgno.com,What companies are known for managing dual operations in both live horse racing and a slot-machine gaming facility?
http://explorestlouis.com,http://explorestlouis.com,What companies coordinate logistics for tourism-related activities in urban destinations like St. Louis?
http://scientist.com,http://scientist.com,What companies provide a platform for researchers to connect with a vast network of suppliers for preclinical R&D services and products?
http://momar.com,http://momar.com,"What companies provide specialized chemical solutions for maintenance, sanitization, and food processing needs while also having government procurement credentials?"
http://dailytarheel.com,http://dailytarheel.com,What companies are known for their commitment to local journalism and community engagement while managing logistics in print media distribution?
http://interfacemedia.com,http://interfacemedia.com,What companies provide comprehensive media production and event management services that effectively engage audiences and meet client objectives?
http://saratogacasino.com,http://saratogacasino.com,What companies operate a casino and hotel while also providing live racing and entertainment experiences?
http://optimumhit.com,http://optimumhit.com,What companies provide digital transformation and consulting services specifically for healthcare IT organizations?
http://upscapital.com,http://upscapital.com,What companies provide shipping insurance and financial services focused on minimizing risks for businesses engaged in global trade?
http://netlogistik.com,http://netlogistik.com,"What companies provide innovative digital supply chain solutions and specialize in warehouse, transportation, and procurement management?"
http://scgdesignsolution.com,http://scgdesignsolution.com,What companies provide design solutions for e-commerce platforms to enhance their supply chain and operational efficiency?
http://signaturerealtynj.com,http://signaturerealtynj.com,What companies offer advanced real estate procurement solutions for luxury properties while promoting agent collaboration?
http://baderrutter.com,http://baderrutter.com,What companies provide integrated marketing solutions tailored specifically for the food and pet care industries?
http://hobartservice.com,https://hobartservice.com/,What companies provide comprehensive service and coverage plans for commercial kitchen equipment?
http://theballantyne.com,http://theballantyne.com,What companies provide luxury accommodations with extensive event facilities and gourmet dining options in Charlotte?
http://eng2k.com,http://eng2k.com,What companies are recognized as leaders in providing comprehensive logistics solutions and green warehousing in Europe?
http://heska.com,http://heska.com,What companies provide advanced laboratory diagnostics and digital imaging solutions specifically for veterinary healthcare?
http://topco.com,http://topco.com,What companies provide cooperative purchasing solutions for food manufacturers and retailers to optimize supply chain efficiency?
http://vinagency.com,http://vinagency.com,What companies provide specialized web design and brand communication services tailored specifically for wineries?
http://clinchoice.com,http://clinchoice.com/,What companies provide full-service clinical research solutions that encompass every phase from pre-marketing to post-marketing in the pharma and biotech sectors?
http://jnlcom.com,http://jnlcom.com,"What companies specialize in integrated media that combines print and digital content to tell stories about cities, regions, and agriculture?"
http://employinc.com,http://employinc.com,What companies provide tailored recruiting solutions that combine advanced technology with personalized service to meet the diverse hiring needs of businesses?
http://campbelltaylorwashburn.com,http://campbelltaylorwashburn.com,"What companies provide specialized consulting, audit, and tax services to support business growth and compliance in various industries?"
http://singtaousa.com,http://singtaousa.com,What companies have robust logistics operations to ensure timely distribution of multilingual news content across major metropolitan areas?
http://azuracu.com,http://azuracu.com,What companies focus on delivering innovative financial services and community engagement in the credit union sector?
http://cds-yes.com,http://cds-yes.com,What companies provide award-winning copier service and support for office technology solutions in key urban areas along the East Coast?
http://rankandrally.com,http://rankandrally.com,What companies provide innovative merchandise solutions to amplify brands in the sports and entertainment industries?
http://stpatrickkc.com,http://stpatrickkc.com,What companies provide comprehensive educational and religious services within a parish context?
http://anywhere.com,http://anywhere.com,What companies focus on creating tailored travel experiences through local expertise and seamless logistical support?
http://parkfun.com,http://parkfun.com,What companies focus on recreational program management and facility operations for community engagement in parks?
http://messiahlutheran.com,http://messiahlutheran.com,"What organizations focus on providing community support and services through various ministries, including youth and senior outreach?"
http://237global.com,http://237global.com,What companies focus on creating private label apps to enhance fan engagement for artists and deliver VIP experiences?
http://vanityfairbrands.com,http://vanityfairbrands.com,What companies implement sustainable practices in the production and distribution of women's lingerie and undergarments?
http://essabank.com,http://essabank.com,What companies provide 24/7 online and mobile banking services to assist personal and business customers with their financial needs?
http://intuitivemachines.com,https://intuitivemachines.com/,What companies specialize in providing reliable lunar access services and supporting missions for commercial and governmental entities?
http://amexpediting.com,http://amexpediting.com,What companies provide expedited logistics solutions for time-sensitive shipments in various industries?
http://vistadefense.com,http://vistadefense.com,What companies focus on cybersecurity solutions and services for the defense sector?
http://interactions.com,http://interactions.com,What companies provide a hybrid model of AI and human intelligence to enhance customer experience automation while ensuring seamless integration with existing technology stacks?
http://seta-international.com,http://seta-international.com,"What companies offer comprehensive outsourcing services in software development, including legacy migration and next-gen technologies like AI and IoT?"
fullswinggolf.com,http://fullswinggolf.com/,What companies specialize in high-precision technology for sports simulation and immersive golf experiences?
http://waterousco.com,https://waterousco.com/,What companies manufacture fire suppression equipment and vehicle-mounted pumps for emergency services?
http://uhsweb.com,http://uhsweb.com,What companies offer end-to-end revenue cycle management solutions tailored specifically for Workers' Compensation claims?
http://ehc24.com,http://ehc24.com,What companies provide integrated healthcare services including emergency care and inpatient treatments across multiple states in the southwestern United States?
http://vam-usa.com,http://vam-usa.com/,What companies provide premium threaded connection solutions specifically designed for unconventional oil and gas applications?
http://deandraper.com,http://deandraper.com,What companies provide comprehensive risk management strategies that encompass employee benefits and insurance solutions?
http://kjtgroup.com,http://kjtgroup.com,What companies provide tailored healthcare solutions that emphasize patient-centric real-world evidence and stakeholder insights?
http://twindisc.com,https://twindisc.com/,What companies provide innovative electric and hybrid power transmission systems for both marine and land applications?
http://instabug.com,http://instabug.com,What companies provide AI-powered mobile observability solutions to enhance app performance and stability?
http://purelogics.com,http://purelogics.com,What companies excel in providing custom software development services specifically tailored for healthcare and life sciences?
http://cccreationsusa.com,http://cccreationsusa.com,"What companies provide a comprehensive range of custom apparel, promotional products, and signage solutions while ensuring quick turnaround times for large and small orders?"
http://blazecu.com,http://blazecu.com,What companies provide financial services and emphasize community engagement while managing a diverse range of personal and business banking products?
http://cdrfundraising.com,http://cdrfundraising.com,What companies provide analytics and direct response solutions to enhance nonprofit fundraising efforts?
http://marquisinc.com,http://marquisinc.com,What companies specialize in sustainable aviation fuel and low-carbon feed solutions while employing advanced grain procurement strategies?
http://centrisinfo.com,http://centrisinfo.com,What companies specialize in bilingual contact center services and business process outsourcing for industries like insurance and healthcare?
http://citizen.com,http://citizen.com,What companies utilize real-time user-generated data to enhance personal safety and emergency response in urban environments?
http://wealth.com,http://wealth.com,"What companies provide comprehensive estate planning platforms specifically designed for financial advisors, incorporating advanced technology and visualization tools?"
http://gambrinus.com,http://gambrinus.com,What companies manage their supply chain to ensure consistent quality and distribution of craft beer across the United States?
http://miamivalleygaming.com,http://miamivalleygaming.com,"What companies are known for providing comprehensive logistics solutions for the gaming and entertainment industries, including racing?"
http://phmloans.com,http://phmloans.com,What companies offer a full suite of mortgage programs including options for first-time homebuyers and unique lending products?
